Insert Into Book (Bookid,Title,PublisherName)
values (1, 'The Lost Tribe', 'jimspublishers');

Insert Into Book (Bookid,Title,PublisherName)
values (2, 'High Tide', 'OLotOBooks inc.');

Insert Into Book (Bookid,Title,PublisherName)
values (3, 'Flying Treehouse Man', 'OneManBookMakingMachine');

Insert Into Book (Bookid,Title,PublisherName)
values (4, 'The Archer', 'OneManBookMakingMachine');

Insert Into Book (Bookid,Title,PublisherName)
values (5, 'Billy Bobs Land', 'jimspublishers');

Insert Into Book (Bookid,Title,PublisherName)
values (6, 'Happy Bunnys', 'jimspublishers');

Insert Into Book (Bookid,Title,PublisherName)
values (7, 'The One Who Crawled Under The Bed', 'OLotOBooks inc.');

Insert Into Book (Bookid,Title,PublisherName)
values (8, 'Yes To The Chance', 'OLotOBooks inc.');

Insert Into Book (Bookid,Title,PublisherName)
values (9, 'Ripped Pants No hands', 'QuadriplegicHandWrightings inc');

Insert Into Book (Bookid,Title,PublisherName)
values (10, 'Where Did I Put My Gloves', 'QuadriplegicHandWrightings inc');

Insert Into Book (Bookid,Title,PublisherName)
values (11, 'Rolling Through The Marothon', 'QuadriplegicHandWrightings inc');

Insert Into Book (Bookid,Title,PublisherName)
values (12, 'IT', 'Kingspublishers');

Insert Into Book (Bookid,Title,PublisherName)
values (13, 'Mountains of Papers', 'OLotOBooks inc.');

Insert Into Book (Bookid,Title,PublisherName)
values (14, 'Ants in the Pants', 'RunAwayPants');

Insert Into Book (Bookid,Title,PublisherName)
values (15, 'Itchy Scratchy', 'RunAwayPants');

Insert Into Book (Bookid,Title,PublisherName)
values (16, 'Thank you McFalter', 'jimspublishers');

Insert Into Book (Bookid,Title,PublisherName)
values (17, 'The Hamsters Wheel', 'jimspublishers');

Insert Into Book (Bookid,Title,PublisherName)
values (18, 'Where to Find a Hamster', 'jimspublishers');

Insert Into Book (Bookid,Title,PublisherName)
values (19, 'The Ruff Side of Hamster Town', 'jimspublishers');

Insert Into Book (Bookid,Title,PublisherName)
values (20, 'The One Hamster', 'jimspublishers');

Insert Into Book_Aurthors(Bookid,AuthorName)
values (1, 'Billy Rocks');

Insert Into Book_Aurthors(Bookid,AuthorName)
values (2, 'Billy Rocks');

Insert Into Book_Aurthors(Bookid,AuthorName)
values (3, 'Billy Rocks');

Insert Into Book_Aurthors(Bookid,AuthorName)
values (4, 'Wendy Highs')

Insert Into Book_Aurthors(Bookid,AuthorName)
values (5, 'Wendy Highs');

Insert Into Book_Aurthors(Bookid,AuthorName)
values (6, 'Seth Rogue');

Insert Into Book_Aurthors(Bookid,AuthorName)
values (7, 'Billy Bob Jr');

Insert Into Book_Aurthors(Bookid,AuthorName)
values (8, 'Ricky Vally');

Insert Into Book_Aurthors(Bookid,AuthorName)
values (9, 'Ricky Vally');

Insert Into Book_Aurthors(Bookid,AuthorName)
values (10, 'Ricky Vally');

Insert Into Book_Aurthors(Bookid,AuthorName)
values (11, 'Ruban Rich');

Insert Into Book_Aurthors(Bookid,AuthorName)
values (12, 'Stephen King');

Insert Into Book_Aurthors(Bookid,AuthorName)
values (13, 'Nancy Brown');

Insert Into Book_Aurthors(Bookid,AuthorName)
values (14, 'Nancy Brown');

Insert Into Book_Aurthors(Bookid,AuthorName)
values (15, 'Nancy Brown');

Insert Into Book_Aurthors(Bookid,AuthorName)
values (16, 'Garry Rainer');

Insert Into Book_Aurthors(Bookid,AuthorName)
values (17, 'Gwen Tilter');

Insert Into Book_Aurthors(Bookid,AuthorName)
values (18, 'Gwen Tilter');

Insert Into Book_Aurthors(Bookid,AuthorName)
values (19, 'Gwen Tilter');

Insert Into Book_Aurthors(Bookid,AuthorName)
values (20, 'Gwen Tilter');

Insert Into Publisher(Name,Address,Phone)
values ('jimspublishers', 'Sharpstown', '987-258-3692');

Insert Into Publisher(Name,Address,Phone)
values ('OLotOBooks inc.', 'Central', '147-159-7531');

Insert Into Publisher(Name,Address,Phone)
values ('OneManBookMakingMachine', 'Eagel Point', '252-333-7544');

Insert Into Publisher(Name,Address,Phone)
values ('Kingspublishers', 'Fan vill', '254-745-1489');

Insert Into Publisher(Name,Address,Phone)
values ('RunAwayPants', 'Will vill', '254-247-8589');

Insert Into Book_Copies(Bookid, Branchid, No_Of_Copies)
values (1, 1, 2);

Insert Into Book_Copies(Bookid, Branchid, No_Of_Copies)
values (1, 2, 4);

Insert Into Book_Copies(Bookid, Branchid, No_Of_Copies)
values (1, 3, 4);

Insert Into Book_Copies(Bookid, Branchid, No_Of_Copies)
values (2, 2, 7);

Insert Into Book_Copies(Bookid, Branchid, No_Of_Copies)
values (2, 3, 6);

Insert Into Book_Copies(Bookid, Branchid, No_Of_Copies)
values (2, 4, 9);

Insert Into Book_Copies(Bookid, Branchid, No_Of_Copies)
values (3, 3, 9);

Insert Into Book_Copies(Bookid, Branchid, No_Of_Copies)
values (3, 4, 9);

Insert Into Book_Copies(Bookid, Branchid, No_Of_Copies)
values (3, 5, 9);

Insert Into Book_Copies(Bookid, Branchid, No_Of_Copies)
values (4, 4, 5);

Insert Into Book_Copies(Bookid, Branchid, No_Of_Copies)
values (4, 5, 7);

Insert Into Book_Copies(Bookid, Branchid, No_Of_Copies)
values (4, 1, 7);

Insert Into Book_Copies(Bookid, Branchid, No_Of_Copies)
values (5, 5, 7);

Insert Into Book_Copies(Bookid, Branchid, No_Of_Copies)
values (5, 1, 4);

Insert Into Book_Copies(Bookid, Branchid, No_Of_Copies)
values (5, 2, 3);

Insert Into Book_Copies(Bookid, Branchid, No_Of_Copies)
values (6, 1, 8);

Insert Into Book_Copies(Bookid, Branchid, No_Of_Copies)
values (6, 2, 7);

Insert Into Book_Copies(Bookid, Branchid, No_Of_Copies)
values (6, 3, 2);

Insert Into Book_Copies(Bookid, Branchid, No_Of_Copies)
values (7, 2, 2);

Insert Into Book_Copies(Bookid, Branchid, No_Of_Copies)
values (7, 3, 5);

Insert Into Book_Copies(Bookid, Branchid, No_Of_Copies)
values (7, 4, 6);

Insert Into Book_Copies(Bookid, Branchid, No_Of_Copies)
values (8, 3, 9);

Insert Into Book_Copies(Bookid, Branchid, No_Of_Copies)
values (8, 4, 2);

Insert Into Book_Copies(Bookid, Branchid, No_Of_Copies)
values (8, 5, 2);

Insert Into Book_Copies(Bookid, Branchid, No_Of_Copies)
values (9, 4, 2);

Insert Into Book_Copies(Bookid, Branchid, No_Of_Copies)
values (9, 5, 2);

Insert Into Book_Copies(Bookid, Branchid, No_Of_Copies)
values (9, 1, 3);

Insert Into Book_Copies(Bookid, Branchid, No_Of_Copies)
values (10, 5, 5);

Insert Into Book_Copies(Bookid, Branchid, No_Of_Copies)
values (10, 1, 2);

Insert Into Book_Copies(Bookid, Branchid, No_Of_Copies)
values (10, 2, 2);

Insert Into Book_Copies(Bookid, Branchid, No_Of_Copies)
values (11, 1, 2);

Insert Into Book_Copies(Bookid, Branchid, No_Of_Copies)
values (11, 2, 7);

Insert Into Book_Copies(Bookid, Branchid, No_Of_Copies)
values (11, 3, 9);

Insert Into Book_Copies(Bookid, Branchid, No_Of_Copies)
values (12, 2, 8)

Insert Into Book_Copies(Bookid, Branchid, No_Of_Copies)
values (12, 3, 8);

Insert Into Book_Copies(Bookid, Branchid, No_Of_Copies)
values (12, 4, 2);

Insert Into Book_Copies(Bookid, Branchid, No_Of_Copies)
values (13, 3, 4);

Insert Into Book_Copies(Bookid, Branchid, No_Of_Copies)
values (13, 4, 2);

Insert Into Book_Copies(Bookid, Branchid, No_Of_Copies)
values (13, 5, 3);

Insert Into Book_Copies(Bookid, Branchid, No_Of_Copies)
values (14, 4, 2);

Insert Into Book_Copies(Bookid, Branchid, No_Of_Copies)
values (14, 5, 2);

Insert Into Book_Copies(Bookid, Branchid, No_Of_Copies)
values (14, 1, 6);

Insert Into Book_Copies(Bookid, Branchid, No_Of_Copies)
values (15, 5, 2);

Insert Into Book_Copies(Bookid, Branchid, No_Of_Copies)
values (15, 1, 2);

Insert Into Book_Copies(Bookid, Branchid, No_Of_Copies)
values (15, 2, 2);

Insert Into Book_Copies(Bookid, Branchid, No_Of_Copies)
values (16, 1, 5);

Insert Into Book_Copies(Bookid, Branchid, No_Of_Copies)
values (16, 2, 3);

Insert Into Book_Copies(Bookid, Branchid, No_Of_Copies)
values (16, 3, 4);

Insert Into Book_Copies(Bookid, Branchid, No_Of_Copies)
values (17, 2, 6);

Insert Into Book_Copies(Bookid, Branchid, No_Of_Copies)
values (17, 3, 2);

Insert Into Book_Copies(Bookid, Branchid, No_Of_Copies)
values (17, 4, 2);

Insert Into Book_Copies(Bookid, Branchid, No_Of_Copies)
values (17, 5, 4);

Insert Into Book_Copies(Bookid, Branchid, No_Of_Copies)
values (18, 3, 7);

Insert Into Book_Copies(Bookid, Branchid, No_Of_Copies)
values (18, 4, 4);

Insert Into Book_Copies(Bookid, Branchid, No_Of_Copies)
values (18, 5, 3);

Insert Into Book_Copies(Bookid, Branchid, No_Of_Copies)
values (19, 4, 2);

Insert Into Book_Copies(Bookid, Branchid, No_Of_Copies)
values (19, 5, 5);

Insert Into Book_Copies(Bookid, Branchid, No_Of_Copies)
values (19, 1, 2);

Insert Into Book_Copies(Bookid, Branchid, No_Of_Copies)
values (20, 5, 2);

Insert Into Book_Copies(Bookid, Branchid, No_Of_Copies)
values (20, 1, 5);

Insert Into Book_Copies(Bookid, Branchid, No_Of_Copies)
values (20, 2, 4);

Insert Into Book_Loans(Bookid, Branchid, CardNo, DateOut, DueDate)
values 
(1, 4, 123456, '05/15/14', '06/15/14'),
(2, 4, 123456, '05/15/14', '06/15/14'),
(3, 4, 123456, '05/15/14', '06/15/14'),
(4, 4, 123456, '05/15/14', '06/15/14'),
(5, 4, 123456, '05/15/14', '06/15/14'),
(6, 4, 123456, '05/25/14', '06/25/14'),
(7, 4, 123456, '05/25/14', '06/25/14'),
(8, 4, 123456, '05/25/14', '06/25/14'),
(9, 4, 123456, '05/25/14', '06/25/14'),
(10, 4, 987654, '05/25/14', '06/25/14'),
(15, 3, 987654, '05/15/14', '06/15/14'),
(20, 3, 987654, '05/15/14', '06/15/14'),
(13, 3, 987654, '05/15/14', '06/15/14'),
(7, 3, 987654, '05/15/14', '06/15/14'),
(5, 3, 987654, '05/15/14', '06/15/14'),
(6, 3, 987654, '05/25/14', '06/25/14'),
(7, 3, 987654, '05/25/14', '06/25/14'),
(8, 3, 987654, '05/25/14', '06/25/14'),
(9, 3, 987654, '05/25/14', '06/25/14'),
(10, 3, 987654, '05/25/14', '06/25/14'),
(1, 1, 741212, '05/15/14', '06/15/14'),
(2, 1, 741212, '05/15/14', '06/15/14'),
(3, 1, 741212, '05/15/14', '06/15/14'),
(4, 1, 741212, '05/15/14', '06/15/14'),
(5, 1, 741212, '05/15/14', '06/15/14'),
(6, 1, 741212, '05/15/14', '06/15/14'),
(7, 1, 741212, '05/15/14', '06/15/14'),
(8, 1, 741212, '05/15/14', '06/15/14'),
(9, 1, 741212, '05/15/14', '06/15/14'),
(10, 1, 741212, '05/15/14', '06/15/14'),
(11, 1, 741212, '05/15/14', '06/15/14'),
(12, 1, 741212, '05/15/14', '06/15/14'),
(13, 1, 741212, '05/15/14', '06/15/14'),
(14, 1, 741212, '05/15/14', '06/15/14'),
(15, 1, 741212, '05/15/14', '06/15/14'),
(16, 1, 741212, '05/15/14', '06/15/14'),
(17, 1, 741212, '05/15/14', '06/15/14'),
(18, 1, 741212, '05/15/14', '06/15/14'),
(19, 1, 741212, '05/15/14', '06/15/14'),
(20, 1, 741212, '05/15/14', '06/15/14'),
(1, 5, 981594, '05/15/14', '06/15/14'),
(7, 5, 981594, '05/15/14', '06/15/14'),
(10, 5, 981594, '05/15/14', '06/15/14'),
(11, 5, 981594, '05/15/14', '06/15/14'),
(6, 5, 981594, '05/15/14', '06/15/14'),
(5, 5, 981594, '05/15/14', '06/15/14'),
(19, 5, 981594, '05/15/14', '06/15/14'),
(18, 5, 981594, '05/15/14', '06/15/14'),
(16, 5, 981594, '05/15/14', '06/15/14'),
(15, 5, 981594, '05/15/14', '06/15/14')
 ;

Insert Into Library_Branch(Branchid,BranchName,Address)
values (1, 'Saint Willy', 'Sharpstown');

Insert Into Library_Branch(Branchid,BranchName,Address)
values (2, 'Washigton', 'Central');

Insert Into Library_Branch(Branchid,BranchName,Address)
values (3, 'Waellington', 'Eagle Point');

Insert Into Library_Branch(Branchid,BranchName,Address)
values (4, 'Brandy', 'Fan Vill');

Insert Into Library_Branch(Branchid,BranchName,Address)
values (5, 'Crusty', 'Will Vill');

Insert into Borrower(CardNo, Name, Address, Phone)
values (123456,'James', 'Fan Vill', '369-147-2587'),
(987654, 'John', 'Eagle Creek', '465-741-2365'),
(741852, 'Bill', 'Central', '741-598-4563'),
(987334, 'Jasmin', 'Eagle Creek', '465-214-7555'),
(741212, 'Greg', 'Sharpstown', '541-687-1753'),
(987414, 'Micheal', 'Eagle Creek', '465-222-2334'),
(747532, 'Marry', 'Central', '741-845-5555'),
(981594, 'Jane', 'Will Vill', '746-423-7875'),
(748152, 'Creg', 'Sharpstown', '541-777-3353'); --figure out if phone numbers need '' marks--

--Make sure all tables have values and that they are correct. Delete and create the data base so everything gets in there  right.--
